neutral_mass	intensity	observed_mass	is_start	is_end
306.0201431341274	604560.51171875	306.0201431341274	false	false
345.04137032372205	291084.8203125	345.04137032372205	false	false
612.0403436671613	399604.318359375	612.0403436671613	false	false
635.0670418684715	117408.521484375	635.0670418684715	false	false
651.11984173937	5352195.791015625	651.11984173937	false	false
720.2177744737662	13422168.262695312	345.0349844737662	false	true
882.1510859106398	11632523.643554688	345.0322159106398	true	false
941.087863521506	572199.0009765625	941.087863521506	false	false
957.0769948409669	789569.830078125	957.0769948409669	false	false
996.1810037989108	8633255.083007812	996.1810037989108	false	false
1026.2378077847668	12682093.004882812	651.0550177847667	false	true
1148.1504065273843	60860.2890625	611.0315365273843	true	false
1149.2432480107284	1021529.9794921875	612.1243780107284	true	false
1211.1978633302067	12372628.4296875	674.0789933302067	true	false
1220.2327084665667	948408.7060546875	1220.2327084665667	false	false
1227.139290868136	359476.8994140625	690.020420868136	true	false
1262.1153603235914	707029.86328125	1262.1153603235914	false	false
1263.109248971617	135742.876953125	1263.109248971617	false	false
1300.1977054929698	1302437.49609375	1300.1977054929698	false	false
1301.139554689702	225479.9560546875	1301.139554689702	false	false
1371.2793400126063	19766137.25	996.0965500126063	false	true
1455.26412460693	202561.3779296875	918.1452546069299	true	false
1501.1864640777244	85866.25390625	964.0675940777244	true	false
1517.2178136353866	15895091.655273438	980.0989436353866	true	false
1568.138198655869	329381.8349609375	1568.138198655869	false	false
1591.1573324034634	132216.0849609375	1591.1573324034634	false	false
1607.1591394931297	437108.19921875	1607.1591394931297	false	false
1676.3153338895838	15823306.358398438	1301.1325438895838	false	true
1761.283296265942	555049.0869140625	1224.164426265942	true	false
1823.2381014615985	27520314.489257812	1286.1192314615985	true	false
1831.2892347507784	257184.79296875	1831.2892347507784	false	false
1870.3035829172425	123169.705078125	1870.3035829172425	false	false
1897.1831744311985	135842.912109375	1897.1831744311985	false	false
1911.2547277987821	551985.361328125	1911.2547277987821	false	false
1912.1973764765603	267080.3828125	1912.1973764765603	false	false
1913.1727966683632	482076.515625	1913.1727966683632	false	false
1937.2676922058226	16697222.12890625	1937.2676922058226	false	false
1951.259428415201	469198.802734375	1951.259428415201	false	false
1952.2599450727191	207261.564453125	1952.2599450727191	false	false
1964.3266685369833	212922.6767578125	1589.1438785369833	false	true
1982.335710431102	10471479.059570312	1607.1529204311018	false	true
2062.300206146275	17504252.278633993	1525.1813361462748	true	false
2168.279293190065	7424521.01953125	1631.1604231900649	true	false
2176.3286593101734	452566.775390625	2176.3286593101734	false	false
2256.2922974660014	83016.197265625	2256.2922974660014	false	false
2327.377023041757	15425658.711914062	1952.1942330417571	false	true
2394.335221690063	1420573.7197265625	1857.216351690063	true	false
2407.3376527858677	1799124.7051480094	1870.2187827858677	true	false
2456.283000670378	471279.44140625	1919.164130670378	true	false
2474.2997741263625	19464297.884765625	1937.1809041263625	true	false
2482.3518373223337	465987.1259765625	2482.3518373223337	false	false
2490.287205514103	147785.28515625	1953.1683355141029	true	false
2492.309869121488	580897.2666015625	2492.309869121488	false	false
2547.318167964332	291319.439453125	2547.318167964332	false	false
2562.310634107523	109375.51953125	2562.310634107523	false	false
2588.3285328539037	11816521.346679688	2588.3285328539037	false	false
2609.276260533859	102399.6865234375	2609.276260533859	false	false
2633.397537888784	11891654.938476562	2258.214747888784	false	true
2698.3654498659544	809208.61328125	2161.246579865954	true	false
2699.3678943411496	2790404.96875	2162.2490243411494	true	false
2713.3644077588533	1317484.0622231294	2176.245537758853	true	false
2714.3564162174007	339281.376953125	2177.2375462174004	true	false
2715.3663777338033	579527.54296875	2178.247507733803	true	false
2716.3709746899667	490508.44140625	2179.2521046899665	true	false
2717.378594126794	690748.1130986271	2180.259724126794	true	false
2761.3280452954878	765155.140625	2224.2091752954875	true	false
2779.3352777659056	24374350.791992188	2242.2164077659054	true	false
2787.361179930188	503838.779296875	2250.2423099301877	true	false
2788.36973047883	325329.224609375	2788.36973047883	false	false
2868.3348749342285	142373.1943359375	2868.3348749342285	false	false
2892.3746953762543	4943062.8515625	2892.3746953762543	false	false
2893.364646105287	6237725.802661924	2893.364646105287	false	false
2908.3416614717908	83852.2763671875	2371.2227914717905	true	false
2939.417353994699	7686211.318359375	2564.2345639946993	false	true
2988.311042555971	132646.556640625	2988.311042555971	false	false
3018.3993857259775	1796754.7783203125	2481.2805157259772	true	false
3019.380022240888	3485991.076171875	2482.261152240888	true	false
3116.4107248950113	410427.1025390625	2579.291854895011	true	false
3124.3693884845566	6658530.462890625	2587.250518484557	true	false
3267.498828239524	2000241.802734375	2892.316038239524	false	true
3268.4682590274315	1648288.884765625	2893.2854690274316	false	true
3348.423465398889	3224964.1708984375	2811.3045953988894	true	false
3349.4332280753665	1228731.8310546875	2812.3143580753667	true	false
3409.3723328385377	233143.95703125	3409.3723328385377	false	false
3410.377639479888	645243.8916015625	3410.377639479888	false	false
3430.3964286404776	14750608.096679688	2893.2775586404778	true	false
3447.454465359428	223311.814453125	2910.335595359428	true	false
3543.4056151214604	1303943.3564453125	3006.2867451214606	true	false
3544.425139390331	2561197.078125	3007.306269390331	true	false
3695.4677234930155	564755.9306640625	3158.3488534930157	true	false
3696.4681644875336	423635.07421875	3159.3492944875334	true	false
3712.4704132206016	925111.92578125	3175.3515432206013	true	false
3735.4822032067323	481320.126953125	3198.363333206732	true	false
3753.475837591034	154078.947265625	3216.356967591034	true	false
3754.4661573947747	135343.4560546875	3754.4661573947747	false	false
3775.436982694908	1674856.0771484375	3238.3181126949075	true	false
3847.5095278942727	8993219.359375	3310.3906578942724	true	false
3848.5236479936634	3978219.18359375	3311.4047779936636	true	false
3864.512885625798	3851745.43359375	3327.3940156257977	true	false
3887.5231980298304	4741545.01433618	3350.40432802983	true	false
3888.5277573127373	2103774.8324756953	3351.4088873127375	true	false
3955.5497130351882	145365.7568359375	3418.4308430351884	true	false
3980.563629758459	4125070.1357421875	3443.4447597584585	true	false
3981.556444602515	3863055.89453125	3444.4375746025153	true	false
3998.565588286904	128085369.40234375	3461.446718286904	true	false
3999.568767188734	22193284.711914062	3462.449897188734	true	false
4015.563343615037	33621580.03808594	3478.444473615037	true	false
4038.5848721770367	44651386.76464844	3501.466002177037	true	false
4039.575883130213	2984389.833984375	3502.4570131302125	true	false
4106.6154842318465	4823911.5693359375	3731.4326942318467	false	true
4131.612555998124	4554784.3046875	3594.4936859981235	true	false
4132.605431065737	19942337.513671875	3595.486561065737	true	false
4148.253785607316	1005343.82421875	3773.070995607316	false	true
4149.6085335477965	691590862.9667969	3612.489663547796	true	false
4150.613827378752	159346017.71875	3613.4949573787517	true	false
